{"cameraMode":{"drawMode":0,"name":"Shaded","section":"Shading Mode"},"sceneLighting":true,"audioPlay":false,"sceneViewState":{"m_AlwaysRefresh":false,"showFog":true,"showSkybox":true,"showFlares":true,"showImageEffects":true,"showParticleSystems":true,"showVisualEffectGraphs":true,"m_FxEnabled":true},"in2DMode":false,"pivot":{"x":0.5792789459228516,"y":0.5880359411239624,"z":0.5668370723724365},"rotation":{"x":-0.4491029679775238,"y":0.13885554671287538,"z":-0.07088840752840042,"w":-0.8799739480018616},"size":10.634245872497559,"orthographic":true}