{"cameraMode":{"drawMode":0,"name":"Shaded","section":"Shading Mode"},"sceneLighting":false,"audioPlay":false,"sceneViewState":{"m_AlwaysRefresh":false,"showFog":true,"showSkybox":true,"showFlares":true,"showImageEffects":true,"showParticleSystems":true,"showVisualEffectGraphs":true,"m_FxEnabled":true},"in2DMode":false,"pivot":{"x":-94.86028289794922,"y":40.87333679199219,"z":-12.926393508911133},"rotation":{"x":-0.0018134001875296236,"y":-0.9455382823944092,"z":0.003504783147946,"w":-0.32624027132987978},"size":1.0989691019058228,"orthographic":true}