{"cameraMode":{"drawMode":0,"name":"Shaded","section":"Shading Mode"},"sceneLighting":false,"audioPlay":false,"sceneViewState":{"m_AlwaysRefresh":false,"showFog":true,"showSkybox":true,"showFlares":true,"showImageEffects":true,"showParticleSystems":true,"showVisualEffectGraphs":true,"m_FxEnabled":true},"in2DMode":false,"pivot":{"x":131.9410400390625,"y":133.00682067871095,"z":-263.2376403808594},"rotation":{"x":0.27216556668281557,"y":0.3357250988483429,"z":-0.10197731107473374,"w":0.8960033655166626},"size":0.9130424857139587,"orthographic":true}