{"cameraMode":{"drawMode":0,"name":"Shaded","section":"Shading Mode"},"sceneLighting":false,"audioPlay":false,"sceneViewState":{"m_AlwaysRefresh":false,"showFog":true,"showSkybox":true,"showFlares":true,"showImageEffects":true,"showParticleSystems":true,"showVisualEffectGraphs":true,"m_FxEnabled":true},"in2DMode":false,"pivot":{"x":-313.50775146484377,"y":622.0933837890625,"z":-19.986833572387697},"rotation":{"x":0.6298609972000122,"y":0.013231818564236164,"z":-0.010675888508558274,"w":0.7766687273979187},"size":690.0421752929688,"orthographic":true}