{"cameraMode":{"drawMode":0,"name":"Shaded","section":"Shading Mode"},"sceneLighting":false,"audioPlay":false,"sceneViewState":{"m_AlwaysRefresh":false,"showFog":true,"showSkybox":true,"showFlares":true,"showImageEffects":true,"showParticleSystems":true,"showVisualEffectGraphs":true,"m_FxEnabled":true},"in2DMode":false,"pivot":{"x":38.04767608642578,"y":712.9083251953125,"z":-347.29388427734377},"rotation":{"x":-0.401510626077652,"y":0.031486161053180698,"z":-0.013873997144401074,"w":-0.9152821898460388},"size":1064.5733642578125,"orthographic":true}