{"cameraMode":{"drawMode":0,"name":"Shaded","section":"Shading Mode"},"sceneLighting":true,"audioPlay":false,"sceneViewState":{"m_AlwaysRefresh":false,"showFog":true,"showSkybox":true,"showFlares":true,"showImageEffects":true,"showParticleSystems":true,"showVisualEffectGraphs":true,"m_FxEnabled":true},"in2DMode":false,"pivot":{"x":-69.9061050415039,"y":19.285661697387697,"z":181.49496459960938},"rotation":{"x":0.0013463421491906047,"y":-0.4256023168563843,"z":-0.000654691131785512,"w":-0.9050599932670593},"size":0.8660253882408142,"orthographic":false}