{"cameraMode":{"drawMode":0,"name":"Shaded","section":"Shading Mode"},"sceneLighting":true,"audioPlay":false,"sceneViewState":{"m_AlwaysRefresh":false,"showFog":true,"showSkybox":true,"showFlares":true,"showImageEffects":true,"showParticleSystems":true,"showVisualEffectGraphs":true,"m_FxEnabled":true},"in2DMode":false,"pivot":{"x":-147.55108642578126,"y":193.38714599609376,"z":32.544368743896487},"rotation":{"x":0.05160709097981453,"y":0.2696882486343384,"z":-0.01369805820286274,"w":0.9616697430610657},"size":20.532276153564454,"orthographic":true}