{"cameraMode":{"drawMode":0,"name":"Shaded","section":"Shading Mode"},"sceneLighting":false,"audioPlay":false,"sceneViewState":{"m_AlwaysRefresh":false,"showFog":true,"showSkybox":true,"showFlares":true,"showImageEffects":true,"showParticleSystems":true,"showVisualEffectGraphs":true,"m_FxEnabled":true},"in2DMode":false,"pivot":{"x":1.3561859130859376,"y":129.12716674804688,"z":-311.977294921875},"rotation":{"x":0.038321226835250857,"y":-0.9472103118896484,"z":0.12373639643192291,"w":0.29331180453300478},"size":43.1892204284668,"orthographic":true}