{"cameraMode":{"drawMode":0,"name":"Shaded","section":"Shading Mode"},"sceneLighting":false,"audioPlay":false,"sceneViewState":{"m_AlwaysRefresh":false,"showFog":true,"showSkybox":true,"showFlares":true,"showImageEffects":true,"showParticleSystems":true,"showVisualEffectGraphs":true,"m_FxEnabled":true},"in2DMode":false,"pivot":{"x":7.329278469085693,"y":377.8219909667969,"z":3.2092275619506838},"rotation":{"x":-0.005177836399525404,"y":-0.9872376918792725,"z":0.03096873126924038,"w":-0.15699344873428346},"size":1.954601526260376,"orthographic":true}