{"cameraMode":{"drawMode":0,"name":"Shaded","section":"Shading Mode"},"sceneLighting":false,"audioPlay":false,"sceneViewState":{"m_AlwaysRefresh":false,"showFog":true,"showSkybox":true,"showFlares":true,"showImageEffects":true,"showParticleSystems":true,"showVisualEffectGraphs":true,"m_FxEnabled":true},"in2DMode":false,"pivot":{"x":44.608299255371097,"y":375.11163330078127,"z":-12.594402313232422},"rotation":{"x":0.009655073285102845,"y":-0.9857643246650696,"z":-0.15667398273944856,"w":-0.06243535876274109},"size":1.954601526260376,"orthographic":true}